[
{"_key":"filestream::.global::native::5248998-64769","ttl":1800000000000,"updated":[2062399221913,1697557850],"cursor":null,"meta":{"source":"/var/log/network/vmbr29.jsonl","identifier_name":"native"}},
{"_key":"filebeat::logs::native::5242942-64769","timestamp":[2.061742182693e+12,1.694704572e+09],"FileStateOS":{"inode":5.242942e+06,"device":64769},"identifier_name":"native","id":"native::5242942-64769","prev_id":"","source":"/var/log/audit/audit.log","offset":7.014065e+06,"ttl":-2,"type":"log"},
{"_key":"filestream::.global::native::5245121-64769","ttl":1800000000000,"updated":[2062393383014,1697469120],"cursor":null,"meta":{"source":"/var/log/network/vmbr22.jsonl","identifier_name":"native"}},
{"_key":"filestream::.global::native::5243781-64769","updated":[2062395211821,1697469120],"cursor":null,"meta":{"source":"/var/log/sysdig/log_containers_1.log","identifier_name":"native"},"ttl":1800000000000},
{"_key":"filestream::.global::native::5250450-64769","meta":{"source":"/var/log/network/vmbr48.jsonl","identifier_name":"native"},"ttl":1800000000000,"updated":[2062407660649,1697590080],"cursor":null},
{"_key":"filestream::.global::native::5253546-64769","ttl":1800000000000,"updated":[2062402863431,1697591850],"cursor":null,"meta":{"source":"/var/log/network/vmbr60.jsonl","identifier_name":"native"}},
{"_key":"filestream::.global::native::5245720-64769","cursor":null,"meta":{"source":"/var/log/sysdig/log_containers.log","identifier_name":"native"},"ttl":1800000000000,"updated":[2062394759701,1697469120]},
{"_key":"filestream::.global::native::5248388-64769","ttl":1800000000000,"updated":[2062197295101,1697562206],"cursor":{"offset":0},"meta":{"identifier_name":"native","source":"/var/log/network/vmbr10.jsonl"}},
{"_key":"filestream::.global::native::5250274-64769","cursor":null,"meta":{"source":"/var/log/network/vmbr46.jsonl","identifier_name":"native"},"ttl":1800000000000,"updated":[2062405145959,1697590020]},
{"_key":"filebeat::logs::native::5252842-64769","ttl":-2,"FileStateOS":{"inode":5.252842e+06,"device":64769},"type":"log","identifier_name":"native","id":"native::5252842-64769","prev_id":"","source":"/var/log/audit/audit_yang666.log","offset":7.013431e+06,"timestamp":[2.061823595948e+12,1.694704561e+09]},
{"_key":"filestream::.global::native::5250160-64769","cursor":null,"meta":{"identifier_name":"native","source":"/var/log/network/vmbr43.jsonl"},"ttl":1800000000000,"updated":[2062404953885,1697589870]},
{"_key":"filestream::.global::native::5247922-64769","ttl":1800000000000,"updated":[2062404121387,1697589350],"cursor":null,"meta":{"source":"/var/log/network/vmbr35.jsonl","identifier_name":"native"}},
{"_key":"filestream::.global::native::5253603-64769","ttl":1800000000000,"updated":[2062402073083,1697592300],"cursor":null,"meta":{"source":"/var/log/network/vmbr62.jsonl","identifier_name":"native"}},
{"_key":"filestream::.global::native::5247893-64769","meta":{"source":"/var/log/sysdig/log_containers111.log","identifier_name":"native"},"ttl":1800000000000,"updated":[2061799846912,1697469195],"cursor":{"offset":3122266}},
{"_key":"filestream::.global::native::5248032-64769","ttl":1800000000000,"updated":[2062396369489,1697469120],"cursor":null,"meta":{"source":"/var/log/network/vmbr8.jsonl","identifier_name":"native"}},
{"_key":"filestream::.global::native::5253279-64769","cursor":{"offset":0},"meta":{"source":"/var/log/network/vmbr25.jsonl","identifier_name":"native"},"ttl":1800000000000,"updated":[2062577879393,1697472579]},
{"_key":"filestream::.global::native::5245808-64769","updated":[2062397938682,1697587530],"cursor":null,"meta":{"identifier_name":"native","source":"/var/log/network/vmbr32.jsonl"},"ttl":1800000000000},
{"_key":"filebeat::logs::native::5252834-64769","id":"native::5252834-64769","source":"/var/log/audit/audit_yang.log","type":"log","offset":7.013431e+06,"timestamp":[2.062543594761e+12,1.694704572e+09],"identifier_name":"native","prev_id":"","ttl":-2,"FileStateOS":{"inode":5.252834e+06,"device":64769}},
{"_key":"filebeat::logs::native::5245781-64769","offset":7.013431e+06,"prev_id":"","source":"/var/log/audit/audit_yang09142303.log","timestamp":[2.062533645251e+12,1.694704586e+09],"ttl":-2,"identifier_name":"native","type":"log","id":"native::5245781-64769","FileStateOS":{"device":64769,"inode":5.245781e+06}},
{"_key":"filestream::.global::native::5246316-64769","updated":[2062065074756,1697469123],"cursor":{"offset":650},"meta":{"source":"/var/log/sysdig/log_containers_zjy.log","identifier_name":"native"},"ttl":1800000000000},
{"_key":"filestream::.global::native::5245385-64769","ttl":1800000000000,"updated":[2062075595972,1697469123],"cursor":{"offset":28446},"meta":{"source":"/var/log/network/vmbr7.jsonl","identifier_name":"native"}},
{"_key":"filestream::.global::native::5248639-64769","ttl":1800000000000,"updated":[2062402217930,1697589410],"cursor":null,"meta":{"source":"/var/log/network/vmbr37.jsonl","identifier_name":"native"}},
{"_key":"filestream::.global::native::5248562-64769","cursor":{"offset":650},"meta":{"source":"/var/log/sysdig/log_containers_zjy2.log","identifier_name":"native"},"ttl":1800000000000,"updated":[2062064995205,1697469123]},
{"_key":"filestream::.global::native::5247422-64769","ttl":1800000000000,"updated":[2062066770931,1697469123],"cursor":{"offset":4070},"meta":{"source":"/var/log/network/vmbr7_copy.jsonl","identifier_name":"native"}},
{"_key":"filebeat::logs::native::5247001-64769","ttl":-2,"type":"log","source":"/var/log/audit/audit_yang2323666.log","timestamp":[2.061873189891e+12,1.694704575e+09],"prev_id":"","offset":7.013431e+06,"FileStateOS":{"inode":5.247001e+06,"device":64769},"identifier_name":"native","id":"native::5247001-64769"},
{"_key":"filestream::.global::native::5246776-64769","updated":[2062404117574,1697589310],"cursor":null,"meta":{"source":"/var/log/network/vmbr34.jsonl","identifier_name":"native"},"ttl":1800000000000},
{"_key":"filestream::.global::native::5253576-64769","ttl":1800000000000,"updated":[2062405021660,1697591940],"cursor":null,"meta":{"source":"/var/log/network/vmbr61.jsonl","identifier_name":"native"}},
{"_key":"filestream::.global::native::5247427-64769","ttl":1800000000000,"updated":[2062064212911,1697469123],"cursor":{"offset":650},"meta":{"source":"/var/log/sysdig/log_containers_zjy1.log","identifier_name":"native"}},
{"_key":"filestream::.global::native::5250194-64769","ttl":1800000000000,"updated":[2062396631843,1697469120],"cursor":null,"meta":{"source":"/var/log/network/vmbr19.jsonl","identifier_name":"native"}},
{"_key":"filestream::.global::native::5247367-64769","ttl":1800000000000,"updated":[2062409549098,1697589300],"cursor":null,"meta":{"source":"/var/log/network/vmbr33.jsonl","identifier_name":"native"}},
{"_key":"filestream::.global::native::5247342-64769","meta":{"source":"/var/log/network/vmbr39.jsonl","identifier_name":"native"},"ttl":1800000000000,"updated":[2062405132198,1697589680],"cursor":null},
{"_key":"filestream::.global::native::5247888-64769","ttl":1800000000000,"updated":[2061922195317,1697469160],"cursor":{"offset":2655048},"meta":{"source":"/var/log/sysdig/log_containers_test13.log","identifier_name":"native"}},
{"_key":"filestream::.global::native::5252741-64769","ttl":0,"updated":[2062240541724,1697588542],"cursor":{"offset":26537803627},"meta":{"source":"/var/log/sysdig/containers.log","identifier_name":"native"}},
{"_key":"filebeat::logs::native::5252849-64769","timestamp":[2.061722543026e+12,1.694704555e+09],"type":"log","prev_id":"","source":"/var/log/audit/audit_yang233.log","FileStateOS":{"device":64769,"inode":5.252849e+06},"id":"native::5252849-64769","offset":7.013431e+06,"ttl":-2,"identifier_name":"native"},
{"_key":"filestream::.global::native::5245978-64769","ttl":1800000000000,"updated":[2062397643707,1697587370],"cursor":null,"meta":{"source":"/var/log/network/vmbr31.jsonl","identifier_name":"native"}},
{"_key":"filestream::.global::native::5245418-64769","ttl":1800000000000,"updated":[2062395792088,1697469120],"cursor":null,"meta":{"source":"/var/log/sysdig/log_containers_2.log","identifier_name":"native"}},
{"_key":"filestream::.global::native::5247869-64769","ttl":1800000000000,"updated":[2061802530659,1697469195],"cursor":{"offset":3122266},"meta":{"source":"/var/log/sysdig/log_containers11.log","identifier_name":"native"}},
{"_key":"filestream::.global::native::5248822-64769","updated":[2062074616702,1697469123],"cursor":{"offset":28434},"meta":{"identifier_name":"native","source":"/var/log/network/vmbr11.jsonl"},"ttl":1800000000000},
{"_key":"filestream::.global::native::5245922-64769","ttl":1800000000000,"updated":[2062397695453,1697587320],"cursor":null,"meta":{"source":"/var/log/network/vmbr30.jsonl","identifier_name":"native"}},
{"_key":"filestream::.global::native::5248096-64769","cursor":null,"meta":{"source":"/var/log/network/vmbr36.jsonl","identifier_name":"native"},"ttl":1800000000000,"updated":[2062402967997,1697589360]},
{"_key":"filestream::.global::native::5248132-64769","meta":{"source":"/var/log/network/vmbr26.jsonl","identifier_name":"native"},"ttl":1800000000000,"updated":[2062009576198,1697561881],"cursor":{"offset":0}},
{"_key":"filestream::.global::native::5248908-64769","ttl":1800000000000,"updated":[2062398972335,1697556640],"cursor":null,"meta":{"source":"/var/log/network/vmbr28.jsonl","identifier_name":"native"}},
{"_key":"filestream::.global::native::5245347-64769","ttl":1800000000000,"updated":[2062064043954,1697469160],"cursor":{"offset":2655048},"meta":{"source":"/var/log/sysdig/log_containers_test.log","identifier_name":"native"}},
{"_key":"filestream::.global::native::5252792-64769","meta":{"identifier_name":"native","source":"/var/log/sysdig/containers.log"},"ttl":1800000000000,"updated":[2061895390670,1697595789],"cursor":{"offset":17312472}},
{"_key":"filestream::.global::native::5248679-64769","ttl":1800000000000,"updated":[2062402611081,1697589420],"cursor":null,"meta":{"source":"/var/log/network/vmbr38.jsonl","identifier_name":"native"}},
{"_key":"filestream::.global::native::5250529-64769","ttl":1800000000000,"updated":[2062403182898,1697590130],"cursor":null,"meta":{"source":"/var/log/network/vmbr45.jsonl","identifier_name":"native"}},
{"_key":"filestream::.global::native::5244039-64769","meta":{"identifier_name":"native","source":"/var/log/network/vmbr23.jsonl"},"ttl":1800000000000,"updated":[2062486293425,1697546895],"cursor":{"offset":0}},
{"_key":"filestream::.global::native::5247837-64769","ttl":1800000000000,"updated":[2062202370075,1697469160],"cursor":{"offset":2655048},"meta":{"source":"/var/log/sysdig/log_containers_test12.log","identifier_name":"native"}},
{"_key":"filestream::.global::native::5249964-64769","ttl":1800000000000,"updated":[2062075507468,1697469123],"cursor":{"offset":28446},"meta":{"source":"/var/log/network/vmbr7-1.jsonl","identifier_name":"native"}},
{"_key":"filestream::.global::native::5248475-64769","ttl":1800000000000,"updated":[2062073978399,1697469123],"cursor":{"offset":28446},"meta":{"source":"/var/log/network/vmbr7_test.jsonl","identifier_name":"native"}},
{"_key":"filestream::.global::native::5247725-64769","ttl":1800000000000,"updated":[2061804941211,1697469188],"cursor":{"offset":2655048},"meta":{"identifier_name":"native","source":"/var/log/sysdig/log_containers_test1.log"}},
{"_key":"filestream::.global::native::5250164-64769","meta":{"source":"/var/log/network/vmbr20.jsonl","identifier_name":"native"},"ttl":1800000000000,"updated":[2062394650890,1697469120],"cursor":null},
{"_key":"filestream::.global::native::5248703-64769","meta":{"identifier_name":"native","source":"/var/log/network/vmbr17.jsonl"},"ttl":1800000000000,"updated":[2062069525890,1697469123],"cursor":{"offset":16316}},
{"_key":"filestream::.global::native::5248448-64769","ttl":1800000000000,"updated":[2062398938110,1697544070],"cursor":null,"meta":{"identifier_name":"native","source":"/var/log/network/vmbr27.jsonl"}},
{"_key":"filestream::.global::native::5250385-64769","ttl":1800000000000,"updated":[2062405174696,1697590080],"cursor":null,"meta":{"source":"/var/log/network/vmbr47.jsonl","identifier_name":"native"}},
{"_key":"filestream::.global::native::5245888-64769","ttl":1800000000000,"updated":[2061834339204,1697595889],"cursor":{"offset":3800},"meta":{"source":"/var/log/network/vmbr24.jsonl","identifier_name":"native"}},
{"_key":"filestream::.global::native::5248997-64769","ttl":1800000000000,"updated":[2062394136056,1697469120],"cursor":null,"meta":{"source":"/var/log/network/vmbr12.jsonl","identifier_name":"native"}}
]