{
    "attributes": {
        "description": "Recorded Future indicators ingested by the threat intel Filebeat module.",
        "hits": 0,
        "kibanaSavedObjectMeta": {
            "searchSourceJSON": {
                "filter": [],
                "query": {
                    "language": "kuery",
                    "query": ""
                }
            }
        },
        "optionsJSON": {
            "hidePanelTitles": false,
            "useMargins": true
        },
        "panelsJSON": [
            {
                "embeddableConfig": {
                    "enhancements": {}
                },
                "gridData": {
                    "h": 16,
                    "i": "c5528bd5-fc50-4902-94d9-6f6579e93364",
                    "w": 10,
                    "x": 0,
                    "y": 0
                },
                "panelIndex": "c5528bd5-fc50-4902-94d9-6f6579e93364",
                "panelRefName": "panel_c5528bd5-fc50-4902-94d9-6f6579e93364",
                "type": "lens",
                "version": "7.13.2"
            },
            {
                "embeddableConfig": {
                    "enhancements": {}
                },
                "gridData": {
                    "h": 16,
                    "i": "5844ac07-8c60-4e94-9fdb-f5489bbaafb0",
                    "w": 10,
                    "x": 10,
                    "y": 0
                },
                "panelIndex": "5844ac07-8c60-4e94-9fdb-f5489bbaafb0",
                "panelRefName": "panel_5844ac07-8c60-4e94-9fdb-f5489bbaafb0",
                "type": "lens",
                "version": "7.13.2"
            },
            {
                "embeddableConfig": {
                    "enhancements": {}
                },
                "gridData": {
                    "h": 16,
                    "i": "705de4dd-b10b-4871-b42e-c32802f07cdc",
                    "w": 9,
                    "x": 20,
                    "y": 0
                },
                "panelIndex": "705de4dd-b10b-4871-b42e-c32802f07cdc",
                "panelRefName": "panel_705de4dd-b10b-4871-b42e-c32802f07cdc",
                "type": "lens",
                "version": "7.13.2"
            },
            {
                "embeddableConfig": {
                    "enhancements": {}
                },
                "gridData": {
                    "h": 16,
                    "i": "579da37e-73d7-48b8-a2ae-09f9252be1d0",
                    "w": 9,
                    "x": 29,
                    "y": 0
                },
                "panelIndex": "579da37e-73d7-48b8-a2ae-09f9252be1d0",
                "panelRefName": "panel_579da37e-73d7-48b8-a2ae-09f9252be1d0",
                "type": "lens",
                "version": "7.13.2"
            },
            {
                "embeddableConfig": {
                    "enhancements": {}
                },
                "gridData": {
                    "h": 16,
                    "i": "5df65cab-f10e-4192-8490-9586519be39a",
                    "w": 10,
                    "x": 38,
                    "y": 0
                },
                "panelIndex": "5df65cab-f10e-4192-8490-9586519be39a",
                "panelRefName": "panel_5df65cab-f10e-4192-8490-9586519be39a",
                "type": "lens",
                "version": "7.13.2"
            },
            {
                "embeddableConfig": {
                    "enhancements": {}
                },
                "gridData": {
                    "h": 17,
                    "i": "64b0403d-03e5-48c3-9dae-0b005ebb5f1a",
                    "w": 25,
                    "x": 0,
                    "y": 16
                },
                "panelIndex": "64b0403d-03e5-48c3-9dae-0b005ebb5f1a",
                "panelRefName": "panel_64b0403d-03e5-48c3-9dae-0b005ebb5f1a",
                "type": "lens",
                "version": "7.13.2"
            },
            {
                "embeddableConfig": {
                    "enhancements": {}
                },
                "gridData": {
                    "h": 17,
                    "i": "e95ad49d-d270-4592-af6b-0bb20ab8686a",
                    "w": 23,
                    "x": 25,
                    "y": 16
                },
                "panelIndex": "e95ad49d-d270-4592-af6b-0bb20ab8686a",
                "panelRefName": "panel_e95ad49d-d270-4592-af6b-0bb20ab8686a",
                "type": "lens",
                "version": "7.13.2"
            },
            {
                "embeddableConfig": {
                    "enhancements": {}
                },
                "gridData": {
                    "h": 17,
                    "i": "1be4a1f3-6421-4bd4-99af-f2c9f99c944d",
                    "w": 7,
                    "x": 0,
                    "y": 33
                },
                "panelIndex": "1be4a1f3-6421-4bd4-99af-f2c9f99c944d",
                "panelRefName": "panel_1be4a1f3-6421-4bd4-99af-f2c9f99c944d",
                "type": "lens",
                "version": "7.13.2"
            },
            {
                "embeddableConfig": {
                    "enhancements": {}
                },
                "gridData": {
                    "h": 17,
                    "i": "f2318e6a-9258-4628-897f-c39d16452ec5",
                    "w": 9,
                    "x": 7,
                    "y": 33
                },
                "panelIndex": "f2318e6a-9258-4628-897f-c39d16452ec5",
                "panelRefName": "panel_f2318e6a-9258-4628-897f-c39d16452ec5",
                "type": "lens",
                "version": "7.13.2"
            },
            {
                "embeddableConfig": {
                    "enhancements": {}
                },
                "gridData": {
                    "h": 17,
                    "i": "2aec92d5-3db8-42ee-b5a6-27886672811e",
                    "w": 9,
                    "x": 16,
                    "y": 33
                },
                "panelIndex": "2aec92d5-3db8-42ee-b5a6-27886672811e",
                "panelRefName": "panel_2aec92d5-3db8-42ee-b5a6-27886672811e",
                "type": "lens",
                "version": "7.13.2"
            },
            {
                "embeddableConfig": {
                    "enhancements": {}
                },
                "gridData": {
                    "h": 17,
                    "i": "4ba8c6c1-b5d2-4624-af2a-5c3a0b999eb9",
                    "w": 10,
                    "x": 25,
                    "y": 33
                },
                "panelIndex": "4ba8c6c1-b5d2-4624-af2a-5c3a0b999eb9",
                "panelRefName": "panel_4ba8c6c1-b5d2-4624-af2a-5c3a0b999eb9",
                "type": "lens",
                "version": "7.13.2"
            },
            {
                "embeddableConfig": {
                    "enhancements": {}
                },
                "gridData": {
                    "h": 17,
                    "i": "a60753a1-e859-4388-aff7-e7c30fea8ea0",
                    "w": 13,
                    "x": 35,
                    "y": 33
                },
                "panelIndex": "a60753a1-e859-4388-aff7-e7c30fea8ea0",
                "panelRefName": "panel_a60753a1-e859-4388-aff7-e7c30fea8ea0",
                "type": "lens",
                "version": "7.13.2"
            },
            {
                "embeddableConfig": {
                    "enhancements": {}
                },
                "gridData": {
                    "h": 17,
                    "i": "1ccdc84b-976e-4579-8227-e1fec014d744",
                    "w": 9,
                    "x": 0,
                    "y": 50
                },
                "panelIndex": "1ccdc84b-976e-4579-8227-e1fec014d744",
                "panelRefName": "panel_1ccdc84b-976e-4579-8227-e1fec014d744",
                "type": "lens",
                "version": "7.13.2"
            },
            {
                "embeddableConfig": {
                    "enhancements": {}
                },
                "gridData": {
                    "h": 17,
                    "i": "48cc5d73-41e5-4c50-bd4b-a2c44848bfa1",
                    "w": 9,
                    "x": 9,
                    "y": 50
                },
                "panelIndex": "48cc5d73-41e5-4c50-bd4b-a2c44848bfa1",
                "panelRefName": "panel_48cc5d73-41e5-4c50-bd4b-a2c44848bfa1",
                "type": "lens",
                "version": "7.13.2"
            },
            {
                "embeddableConfig": {
                    "enhancements": {}
                },
                "gridData": {
                    "h": 17,
                    "i": "a454a943-3968-4796-ac2a-89c78ad10c50",
                    "w": 9,
                    "x": 18,
                    "y": 50
                },
                "panelIndex": "a454a943-3968-4796-ac2a-89c78ad10c50",
                "panelRefName": "panel_a454a943-3968-4796-ac2a-89c78ad10c50",
                "type": "lens",
                "version": "7.13.2"
            },
            {
                "embeddableConfig": {
                    "enhancements": {}
                },
                "gridData": {
                    "h": 17,
                    "i": "f2bbe7e9-0c11-4ab8-a1cb-5c7b36b950f6",
                    "w": 9,
                    "x": 27,
                    "y": 50
                },
                "panelIndex": "f2bbe7e9-0c11-4ab8-a1cb-5c7b36b950f6",
                "panelRefName": "panel_f2bbe7e9-0c11-4ab8-a1cb-5c7b36b950f6",
                "type": "lens",
                "version": "7.13.2"
            },
            {
                "embeddableConfig": {
                    "enhancements": {}
                },
                "gridData": {
                    "h": 17,
                    "i": "f3a61f45-ac06-44db-b21c-1ffbb9e99014",
                    "w": 12,
                    "x": 36,
                    "y": 50
                },
                "panelIndex": "f3a61f45-ac06-44db-b21c-1ffbb9e99014",
                "panelRefName": "panel_f3a61f45-ac06-44db-b21c-1ffbb9e99014",
                "type": "lens",
                "version": "7.13.2"
            }
        ],
        "timeRestore": false,
        "title": "[Filebeat Threat Intel] Recorded Future",
        "version": 1
    },
    "coreMigrationVersion": "8.0.0",
    "id": "894dd3e0-df57-11eb-8f2b-753caedf727d",
    "migrationVersion": {
        "dashboard": "7.14.0"
    },
    "references": [
        {
            "id": "037e2af0-df50-11eb-8f2b-753caedf727d",
            "name": "c5528bd5-fc50-4902-94d9-6f6579e93364:panel_c5528bd5-fc50-4902-94d9-6f6579e93364",
            "type": "lens"
        },
        {
            "id": "b0837690-df52-11eb-8f2b-753caedf727d",
            "name": "5844ac07-8c60-4e94-9fdb-f5489bbaafb0:panel_5844ac07-8c60-4e94-9fdb-f5489bbaafb0",
            "type": "lens"
        },
        {
            "id": "176bf800-df58-11eb-8f2b-753caedf727d",
            "name": "705de4dd-b10b-4871-b42e-c32802f07cdc:panel_705de4dd-b10b-4871-b42e-c32802f07cdc",
            "type": "lens"
        },
        {
            "id": "4bcc4cb0-df50-11eb-8f2b-753caedf727d",
            "name": "579da37e-73d7-48b8-a2ae-09f9252be1d0:panel_579da37e-73d7-48b8-a2ae-09f9252be1d0",
            "type": "lens"
        },
        {
            "id": "949bc180-df52-11eb-8f2b-753caedf727d",
            "name": "5df65cab-f10e-4192-8490-9586519be39a:panel_5df65cab-f10e-4192-8490-9586519be39a",
            "type": "lens"
        },
        {
            "id": "7ed4ce00-df52-11eb-8f2b-753caedf727d",
            "name": "64b0403d-03e5-48c3-9dae-0b005ebb5f1a:panel_64b0403d-03e5-48c3-9dae-0b005ebb5f1a",
            "type": "lens"
        },
        {
            "id": "82fa7420-df58-11eb-8f2b-753caedf727d",
            "name": "e95ad49d-d270-4592-af6b-0bb20ab8686a:panel_e95ad49d-d270-4592-af6b-0bb20ab8686a",
            "type": "lens"
        },
        {
            "id": "c2a5c180-df51-11eb-8f2b-753caedf727d",
            "name": "1be4a1f3-6421-4bd4-99af-f2c9f99c944d:panel_1be4a1f3-6421-4bd4-99af-f2c9f99c944d",
            "type": "lens"
        },
        {
            "id": "06744e90-df52-11eb-8f2b-753caedf727d",
            "name": "f2318e6a-9258-4628-897f-c39d16452ec5:panel_f2318e6a-9258-4628-897f-c39d16452ec5",
            "type": "lens"
        },
        {
            "id": "dd4a3da0-df50-11eb-8f2b-753caedf727d",
            "name": "2aec92d5-3db8-42ee-b5a6-27886672811e:panel_2aec92d5-3db8-42ee-b5a6-27886672811e",
            "type": "lens"
        },
        {
            "id": "f37f8350-df50-11eb-8f2b-753caedf727d",
            "name": "4ba8c6c1-b5d2-4624-af2a-5c3a0b999eb9:panel_4ba8c6c1-b5d2-4624-af2a-5c3a0b999eb9",
            "type": "lens"
        },
        {
            "id": "139c7da0-df51-11eb-8f2b-753caedf727d",
            "name": "a60753a1-e859-4388-aff7-e7c30fea8ea0:panel_a60753a1-e859-4388-aff7-e7c30fea8ea0",
            "type": "lens"
        },
        {
            "id": "a0a31740-df51-11eb-8f2b-753caedf727d",
            "name": "1ccdc84b-976e-4579-8227-e1fec014d744:panel_1ccdc84b-976e-4579-8227-e1fec014d744",
            "type": "lens"
        },
        {
            "id": "5e76ef90-df51-11eb-8f2b-753caedf727d",
            "name": "48cc5d73-41e5-4c50-bd4b-a2c44848bfa1:panel_48cc5d73-41e5-4c50-bd4b-a2c44848bfa1",
            "type": "lens"
        },
        {
            "id": "8fb01a00-df51-11eb-8f2b-753caedf727d",
            "name": "a454a943-3968-4796-ac2a-89c78ad10c50:panel_a454a943-3968-4796-ac2a-89c78ad10c50",
            "type": "lens"
        },
        {
            "id": "3c996410-df52-11eb-8f2b-753caedf727d",
            "name": "f2bbe7e9-0c11-4ab8-a1cb-5c7b36b950f6:panel_f2bbe7e9-0c11-4ab8-a1cb-5c7b36b950f6",
            "type": "lens"
        },
        {
            "id": "790cd040-df51-11eb-8f2b-753caedf727d",
            "name": "f3a61f45-ac06-44db-b21c-1ffbb9e99014:panel_f3a61f45-ac06-44db-b21c-1ffbb9e99014",
            "type": "lens"
        },
        {
            "id": "d6ef8f20-70a9-11eb-a3e3-b3cc7c78a70f",
            "name": "tag-d6ef8f20-70a9-11eb-a3e3-b3cc7c78a70f",
            "type": "tag"
        }
    ],
    "type": "dashboard",
    "updated_at": "2021-08-04T16:34:33.127Z",
    "version": "WzQ2NjEsMV0="
}